name,ip_address,mac_address
Jacquline Junkins,42.88.19.57,0E:3D:60:01:FE:BF
Mireille Middlebrook,228.23.182.178,C9:64:65:3D:CD:37
Genesis Gorecki,68.183.36.91,A5:0F:F8:17:90:C6
Deloras Dutra,53.212.252.74,8E:88:5D:45:1A:DD
Giuseppe Gattis,185.103.143.78,97:06:96:0F:61:4D
Carmella Cashion,186.68.161.32,A1:16:2B:18:6D:92
Jackson Jetton,250.133.72.5,DF:9D:AA:EC:A0:58
Sylvester Savage,42.180.62.98,E0:4F:D1:7E:0D:60
Gaynell Garibay,174.245.134.121,1C:B1:A4:BD:47:7E
Cassie Chabolla,97.224.39.142,85:3E:D5:6B:01:B6
Lindsey Linzy,79.196.39.116,45:4B:B0:86:22:75
Israel Indelicato,135.114.202.223,4F:F2:A8:6A:D7:D6
Jacelyn Jerman,137.170.64.126,BC:CA:9F:F4:D9:12
Wayne Wasserman,123.244.174.177,2B:56:AB:B2:2B:E3
Xiao Xiong,48.33.206.32,7F:0A:01:3D:56:59
Nichole Netter,162.3.9.185,45:D6:0D:B0:70:72
Georgann Good,172.67.233.110,81:BE:A9:20:4A:57
Sharilyn Scannell,25.251.144.245,63:0B:A0:46:0A:B3
Jessi Johnsrud,223.249.194.27,C2:D4:91:1A:D5:0C
Chanell Carns,26.101.58.111,A5:75:74:39:F7:8E
Waldo Winsor,7.47.121.73,C5:4B:7B:C2:59:66
Zofia Zambrano,201.94.61.183,07:8B:DA:05:5C:1A
Janene Judah,1.43.27.54,68:7A:4E:C2:12:7B
Maurice Mitcham,13.234.240.61,86:4C:8D:BD:DC:EB
Millie Mckeen,38.158.246.27,AF:CB:C7:12:76:D4
Fermina Feliz,180.119.120.102,77:CD:2D:9F:B1:6B
Sebastian Stover,65.183.132.181,A1:BC:57:DE:9C:95
Alayna Aubrey,239.103.177.245,F1:0D:90:3C:6C:9A
Sanjuanita Shimp,170.250.62.2,E6:7B:DF:85:54:FC
Karie Kochan,247.54.140.135,EE:36:C1:CE:20:51
Tai Tineo,198.69.41.210,FA:7A:3E:CD:4A:09
Pete Procopio,194.71.30.248,FA:6A:74:1E:32:1C
Sarah Sun,147.222.104.213,77:72:1D:6A:90:7F
Winona Wohlford,188.229.140.169,69:E4:47:6F:65:05
Dante Dew,136.209.100.192,DE:CD:D7:CF:EE:1B
Kitty Kyzer,54.203.9.237,6E:AA:9D:0F:33:27
Dean Decicco,53.173.33.37,36:3F:CF:CD:C6:DD
Ossie Osterberg,167.213.91.26,6C:90:2A:0B:60:46
Candance Cogswell,109.223.106.39,AB:14:A9:AE:33:A5
Belinda Braswell,249.205.80.210,61:8C:B3:EE:18:FD
Lien Lewey,140.160.100.230,29:58:3A:E9:9B:8F
Kraig Keever,153.21.155.255,CF:82:04:39:CB:16
Marva Marcella,61.248.117.216,74:0D:B1:ED:2C:14
In Inabinet,154.104.79.203,F0:48:0E:03:91:83
Thuy Turk,132.217.69.122,58:4A:CA:96:95:1F
Dalila Due,131.158.128.170,6C:EC:19:9D:7C:D3
Birdie Bowlby,23.16.16.54,C3:16:96:DD:9E:E3
Sun Shippee,217.120.178.65,1D:FC:1E:71:1A:22
Cletus Candelario,91.73.175.172,06:03:76:C1:87:30
Elijah Eidt,89.131.67.238,D6:A6:93:F6:B3:6C